[{"model": "auth.permission", "pk": 1, "fields": {"name": "Can add log entry", "content_type": 1, "codename": "add_logentry"}}, {"model": "auth.permission", "pk": 2, "fields": {"name": "Can change log entry", "content_type": 1, "codename": "change_logentry"}}, {"model": "auth.permission", "pk": 3, "fields": {"name": "Can delete log entry", "content_type": 1, "codename": "delete_logentry"}}, {"model": "auth.permission", "pk": 4, "fields": {"name": "Can view log entry", "content_type": 1, "codename": "view_logentry"}}, {"model": "auth.permission", "pk": 5, "fields": {"name": "Can add permission", "content_type": 2, "codename": "add_permission"}}, {"model": "auth.permission", "pk": 6, "fields": {"name": "Can change permission", "content_type": 2, "codename": "change_permission"}}, {"model": "auth.permission", "pk": 7, "fields": {"name": "Can delete permission", "content_type": 2, "codename": "delete_permission"}}, {"model": "auth.permission", "pk": 8, "fields": {"name": "Can view permission", "content_type": 2, "codename": "view_permission"}}, {"model": "auth.permission", "pk": 9, "fields": {"name": "Can add group", "content_type": 3, "codename": "add_group"}}, {"model": "auth.permission", "pk": 10, "fields": {"name": "Can change group", "content_type": 3, "codename": "change_group"}}, {"model": "auth.permission", "pk": 11, "fields": {"name": "Can delete group", "content_type": 3, "codename": "delete_group"}}, {"model": "auth.permission", "pk": 12, "fields": {"name": "Can view group", "content_type": 3, "codename": "view_group"}}, {"model": "auth.permission", "pk": 13, "fields": {"name": "Can add user", "content_type": 4, "codename": "add_user"}}, {"model": "auth.permission", "pk": 14, "fields": {"name": "Can change user", "content_type": 4, "codename": "change_user"}}, {"model": "auth.permission", "pk": 15, "fields": {"name": "Can delete user", "content_type": 4, "codename": "delete_user"}}, {"model": "auth.permission", "pk": 16, "fields": {"name": "Can view user", "content_type": 4, "codename": "view_user"}}, {"model": "auth.permission", "pk": 17, "fields": {"name": "Can add content type", "content_type": 5, "codename": "add_contenttype"}}, {"model": "auth.permission", "pk": 18, "fields": {"name": "Can change content type", "content_type": 5, "codename": "change_contenttype"}}, {"model": "auth.permission", "pk": 19, "fields": {"name": "Can delete content type", "content_type": 5, "codename": "delete_contenttype"}}, {"model": "auth.permission", "pk": 20, "fields": {"name": "Can view content type", "content_type": 5, "codename": "view_contenttype"}}, {"model": "auth.permission", "pk": 21, "fields": {"name": "Can add session", "content_type": 6, "codename": "add_session"}}, {"model": "auth.permission", "pk": 22, "fields": {"name": "Can change session", "content_type": 6, "codename": "change_session"}}, {"model": "auth.permission", "pk": 23, "fields": {"name": "Can delete session", "content_type": 6, "codename": "delete_session"}}, {"model": "auth.permission", "pk": 24, "fields": {"name": "Can view session", "content_type": 6, "codename": "view_session"}}, {"model": "auth.permission", "pk": 25, "fields": {"name": "Can add cart", "content_type": 7, "codename": "add_cart"}}, {"model": "auth.permission", "pk": 26, "fields": {"name": "Can change cart", "content_type": 7, "codename": "change_cart"}}, {"model": "auth.permission", "pk": 27, "fields": {"name": "Can delete cart", "content_type": 7, "codename": "delete_cart"}}, {"model": "auth.permission", "pk": 28, "fields": {"name": "Can view cart", "content_type": 7, "codename": "view_cart"}}, {"model": "auth.permission", "pk": 29, "fields": {"name": "Can add categories", "content_type": 8, "codename": "add_categories"}}, {"model": "auth.permission", "pk": 30, "fields": {"name": "Can change categories", "content_type": 8, "codename": "change_categories"}}, {"model": "auth.permission", "pk": 31, "fields": {"name": "Can delete categories", "content_type": 8, "codename": "delete_categories"}}, {"model": "auth.permission", "pk": 32, "fields": {"name": "Can view categories", "content_type": 8, "codename": "view_categories"}}, {"model": "auth.permission", "pk": 33, "fields": {"name": "Can add cities", "content_type": 9, "codename": "add_cities"}}, {"model": "auth.permission", "pk": 34, "fields": {"name": "Can change cities", "content_type": 9, "codename": "change_cities"}}, {"model": "auth.permission", "pk": 35, "fields": {"name": "Can delete cities", "content_type": 9, "codename": "delete_cities"}}, {"model": "auth.permission", "pk": 36, "fields": {"name": "Can view cities", "content_type": 9, "codename": "view_cities"}}, {"model": "auth.permission", "pk": 37, "fields": {"name": "Can add products", "content_type": 10, "codename": "add_products"}}, {"model": "auth.permission", "pk": 38, "fields": {"name": "Can change products", "content_type": 10, "codename": "change_products"}}, {"model": "auth.permission", "pk": 39, "fields": {"name": "Can delete products", "content_type": 10, "codename": "delete_products"}}, {"model": "auth.permission", "pk": 40, "fields": {"name": "Can view products", "content_type": 10, "codename": "view_products"}}, {"model": "auth.permission", "pk": 41, "fields": {"name": "Can add teas", "content_type": 11, "codename": "add_teas"}}, {"model": "auth.permission", "pk": 42, "fields": {"name": "Can change teas", "content_type": 11, "codename": "change_teas"}}, {"model": "auth.permission", "pk": 43, "fields": {"name": "Can delete teas", "content_type": 11, "codename": "delete_teas"}}, {"model": "auth.permission", "pk": 44, "fields": {"name": "Can view teas", "content_type": 11, "codename": "view_teas"}}, {"model": "auth.permission", "pk": 45, "fields": {"name": "Can add type_packaging", "content_type": 12, "codename": "add_type_packaging"}}, {"model": "auth.permission", "pk": 46, "fields": {"name": "Can change type_packaging", "content_type": 12, "codename": "change_type_packaging"}}, {"model": "auth.permission", "pk": 47, "fields": {"name": "Can delete type_packaging", "content_type": 12, "codename": "delete_type_packaging"}}, {"model": "auth.permission", "pk": 48, "fields": {"name": "Can view type_packaging", "content_type": 12, "codename": "view_type_packaging"}}, {"model": "auth.permission", "pk": 49, "fields": {"name": "Can add weight", "content_type": 13, "codename": "add_weight"}}, {"model": "auth.permission", "pk": 50, "fields": {"name": "Can change weight", "content_type": 13, "codename": "change_weight"}}, {"model": "auth.permission", "pk": 51, "fields": {"name": "Can delete weight", "content_type": 13, "codename": "delete_weight"}}, {"model": "auth.permission", "pk": 52, "fields": {"name": "Can view weight", "content_type": 13, "codename": "view_weight"}}, {"model": "auth.permission", "pk": 53, "fields": {"name": "Can add users", "content_type": 14, "codename": "add_users"}}, {"model": "auth.permission", "pk": 54, "fields": {"name": "Can change users", "content_type": 14, "codename": "change_users"}}, {"model": "auth.permission", "pk": 55, "fields": {"name": "Can delete users", "content_type": 14, "codename": "delete_users"}}, {"model": "auth.permission", "pk": 56, "fields": {"name": "Can view users", "content_type": 14, "codename": "view_users"}}, {"model": "auth.permission", "pk": 57, "fields": {"name": "Can add store", "content_type": 15, "codename": "add_store"}}, {"model": "auth.permission", "pk": 58, "fields": {"name": "Can change store", "content_type": 15, "codename": "change_store"}}, {"model": "auth.permission", "pk": 59, "fields": {"name": "Can delete store", "content_type": 15, "codename": "delete_store"}}, {"model": "auth.permission", "pk": 60, "fields": {"name": "Can view store", "content_type": 15, "codename": "view_store"}}, {"model": "auth.permission", "pk": 61, "fields": {"name": "Can add cart items", "content_type": 16, "codename": "add_cartitems"}}, {"model": "auth.permission", "pk": 62, "fields": {"name": "Can change cart items", "content_type": 16, "codename": "change_cartitems"}}, {"model": "auth.permission", "pk": 63, "fields": {"name": "Can delete cart items", "content_type": 16, "codename": "delete_cartitems"}}, {"model": "auth.permission", "pk": 64, "fields": {"name": "Can view cart items", "content_type": 16, "codename": "view_cartitems"}}, {"model": "auth.permission", "pk": 65, "fields": {"name": "Can add report product info", "content_type": 17, "codename": "add_reportproductinfo"}}, {"model": "auth.permission", "pk": 66, "fields": {"name": "Can change report product info", "content_type": 17, "codename": "change_reportproductinfo"}}, {"model": "auth.permission", "pk": 67, "fields": {"name": "Can delete report product info", "content_type": 17, "codename": "delete_reportproductinfo"}}, {"model": "auth.permission", "pk": 68, "fields": {"name": "Can view report product info", "content_type": 17, "codename": "view_reportproductinfo"}}, {"model": "auth.permission", "pk": 69, "fields": {"name": "Can add report store info", "content_type": 18, "codename": "add_reportstoreinfo"}}, {"model": "auth.permission", "pk": 70, "fields": {"name": "Can change report store info", "content_type": 18, "codename": "change_reportstoreinfo"}}, {"model": "auth.permission", "pk": 71, "fields": {"name": "Can delete report store info", "content_type": 18, "codename": "delete_reportstoreinfo"}}, {"model": "auth.permission", "pk": 72, "fields": {"name": "Can view report store info", "content_type": 18, "codename": "view_reportstoreinfo"}}, {"model": "auth.user", "pk": 1, "fields": {"password": "pbkdf2_sha256$390000$fxOs448r97PaTwL4eRB2BA$Nenfve8fewUoGBM8eh8gQ2Uy153bXLfaBCeaSZdlKaI=", "last_login": "2023-05-11T19:07:21.106Z", "is_superuser": true, "username": "admin", "first_name": "", "last_name": "", "email": "admin@example.com", "is_staff": true, "is_active": true, "date_joined": "2023-05-11T19:06:11.798Z", "groups": [], "user_permissions": []}}, {"model": "contenttypes.contenttype", "pk": 1, "fields": {"app_label": "admin", "model": "logentry"}}, {"model": "contenttypes.contenttype", "pk": 2, "fields": {"app_label": "auth", "model": "permission"}}, {"model": "contenttypes.contenttype", "pk": 3, "fields": {"app_label": "auth", "model": "group"}}, {"model": "contenttypes.contenttype", "pk": 4, "fields": {"app_label": "auth", "model": "user"}}, {"model": "contenttypes.contenttype", "pk": 5, "fields": {"app_label": "contenttypes", "model": "contenttype"}}, {"model": "contenttypes.contenttype", "pk": 6, "fields": {"app_label": "sessions", "model": "session"}}, {"model": "contenttypes.contenttype", "pk": 7, "fields": {"app_label": "web", "model": "cart"}}, {"model": "contenttypes.contenttype", "pk": 8, "fields": {"app_label": "web", "model": "categories"}}, {"model": "contenttypes.contenttype", "pk": 9, "fields": {"app_label": "web", "model": "cities"}}, {"model": "contenttypes.contenttype", "pk": 10, "fields": {"app_label": "web", "model": "products"}}, {"model": "contenttypes.contenttype", "pk": 11, "fields": {"app_label": "web", "model": "teas"}}, {"model": "contenttypes.contenttype", "pk": 12, "fields": {"app_label": "web", "model": "type_packaging"}}, {"model": "contenttypes.contenttype", "pk": 13, "fields": {"app_label": "web", "model": "weight"}}, {"model": "contenttypes.contenttype", "pk": 14, "fields": {"app_label": "web", "model": "users"}}, {"model": "contenttypes.contenttype", "pk": 15, "fields": {"app_label": "web", "model": "store"}}, {"model": "contenttypes.contenttype", "pk": 16, "fields": {"app_label": "web", "model": "cartitems"}}, {"model": "contenttypes.contenttype", "pk": 17, "fields": {"app_label": "reports", "model": "reportproductinfo"}}, {"model": "contenttypes.contenttype", "pk": 18, "fields": {"app_label": "reports", "model": "reportstoreinfo"}}, {"model": "sessions.session", "pk": "2oy7m02xylf03bfoggzmh3vd0j0xa5e2", "fields": {"session_data": ".eJxVjEEOwiAQAP_C2RCgsIpH730DWXZBqgaS0p6MfzckPeh1ZjJvEXDfSth7WsPC4iq0OP2yiPRMdQh-YL03Sa1u6xLlSORhu5wbp9ftaP8GBXsZ25zIKWW8VcwuY9TOw6SySUBqAsazp4To2WZ9IZwyk2ELENGCVtaIzxfzHThK:1pxBdJ:1nQYTYu-9dCpIR8PSlr754mieHVa7G5iw4IqsZSSFl0", "expire_date": "2023-05-25T19:07:21.250Z"}}, {"model": "web.cities", "pk": 1, "fields": {"city_name": "Moscow"}}, {"model": "web.cities", "pk": 2, "fields": {"city_name": "Saint Petersburg"}}, {"model": "web.cities", "pk": 3, "fields": {"city_name": "Kazan"}}, {"model": "web.cities", "pk": 4, "fields": {"city_name": "Izhevsk"}}, {"model": "web.cities", "pk": 5, "fields": {"city_name": "Perm"}}, {"model": "web.cities", "pk": 6, "fields": {"city_name": "Kungur"}}, {"model": "web.categories", "pk": 1, "fields": {"category": "White", "fermentation": "7-10 %"}}, {"model": "web.categories", "pk": 2, "fields": {"category": "Green", "fermentation": "3-5 %"}}, {"model": "web.categories", "pk": 3, "fields": {"category": "Oolong", "fermentation": "5-70 %"}}, {"model": "web.categories", "pk": 4, "fields": {"category": "Red", "fermentation": "100 %"}}, {"model": "web.categories", "pk": 5, "fields": {"category": "Pu-erh", "fermentation": "Post-fermented"}}, {"model": "web.type_packaging", "pk": 1, "fields": {"packaging": "Loose"}}, {"model": "web.type_packaging", "pk": 2, "fields": {"packaging": "Sphere"}}, {"model": "web.type_packaging", "pk": 3, "fields": {"packaging": "╤ake"}}, {"model": "web.type_packaging", "pk": 4, "fields": {"packaging": "Bowl"}}, {"model": "web.type_packaging", "pk": 5, "fields": {"packaging": "Brick"}}, {"model": "web.teas", "pk": 1, "fields": {"name": "Yue Guang Bai (White Moonlight)"}}, {"model": "web.teas", "pk": 2, "fields": {"name": "Bai Hao Yin Zhen, Yunnan"}}, {"model": "web.teas", "pk": 3, "fields": {"name": "Lao Shou Mei"}}, {"model": "web.teas", "pk": 4, "fields": {"name": "Xi Hu Longjing \"Dragon Well\""}}, {"model": "web.teas", "pk": 5, "fields": {"name": "Xue Ya \"Snow Bud\""}}, {"model": "web.teas", "pk": 6, "fields": {"name": "Biluochun \"Emerald Spirals of Spring\""}}, {"model": "web.teas", "pk": 7, "fields": {"name": "Da Hong Pao (Top grade)"}}, {"model": "web.teas", "pk": 8, "fields": {"name": "Teguanyin"}}, {"model": "web.teas", "pk": 9, "fields": {"name": "Gaba Alishan (Organic)"}}, {"model": "web.teas", "pk": 10, "fields": {"name": "Dian Hong Jin Lo"}}, {"model": "web.teas", "pk": 11, "fields": {"name": "Lapsang Souchong"}}, {"model": "web.teas", "pk": 12, "fields": {"name": "Gui Hua Hong Cha"}}, {"model": "web.teas", "pk": 13, "fields": {"name": "Sheng Puer Wuliangshan (Organic)"}}, {"model": "web.teas", "pk": 14, "fields": {"name": "Shu Puer Old Madeng"}}, {"model": "web.teas", "pk": 15, "fields": {"name": "Shu Puer Yunnan Gong Ting (Palace, Royal)"}}, {"model": "web.weight", "pk": 1, "fields": {"weight": 25}}, {"model": "web.weight", "pk": 2, "fields": {"weight": 40}}, {"model": "web.weight", "pk": 3, "fields": {"weight": 50}}, {"model": "web.weight", "pk": 4, "fields": {"weight": 75}}, {"model": "web.weight", "pk": 5, "fields": {"weight": 80}}, {"model": "web.weight", "pk": 6, "fields": {"weight": 100}}, {"model": "web.weight", "pk": 7, "fields": {"weight": 250}}, {"model": "web.weight", "pk": 8, "fields": {"weight": 357}}, {"model": "web.weight", "pk": 9, "fields": {"weight": 500}}, {"model": "web.products", "pk": 1, "fields": {"tea": 1, "category": 1, "packaging": 1, "description": "Preety tea..", "image": "/tea/1.jpg"}}, {"model": "web.products", "pk": 2, "fields": {"tea": 2, "category": 1, "packaging": 1, "description": "Preety tea..", "image": "/tea/2.jpg"}}, {"model": "web.products", "pk": 3, "fields": {"tea": 3, "category": 1, "packaging": 1, "description": "Preety tea..", "image": "/tea/3.jpg"}}, {"model": "web.products", "pk": 4, "fields": {"tea": 4, "category": 2, "packaging": 1, "description": "Preety tea..", "image": "/tea/4.jpg"}}, {"model": "web.products", "pk": 5, "fields": {"tea": 5, "category": 2, "packaging": 1, "description": "Preety tea..", "image": "/tea/5.jpg"}}, {"model": "web.products", "pk": 6, "fields": {"tea": 6, "category": 2, "packaging": 1, "description": "Preety tea..", "image": "/tea/6.jpg"}}, {"model": "web.products", "pk": 7, "fields": {"tea": 7, "category": 3, "packaging": 1, "description": "Preety tea..", "image": "/tea/7.jpg"}}, {"model": "web.products", "pk": 8, "fields": {"tea": 8, "category": 3, "packaging": 1, "description": "Preety tea..", "image": "/tea/8.jpg"}}, {"model": "web.products", "pk": 9, "fields": {"tea": 9, "category": 3, "packaging": 1, "description": "Preety tea..", "image": "/tea/9.jpg"}}, {"model": "web.products", "pk": 10, "fields": {"tea": 10, "category": 4, "packaging": 1, "description": "Preety tea..", "image": "/tea/10.jpg"}}, {"model": "web.products", "pk": 11, "fields": {"tea": 11, "category": 4, "packaging": 1, "description": "Preety tea..", "image": "/tea/11.jpg"}}, {"model": "web.products", "pk": 12, "fields": {"tea": 12, "category": 4, "packaging": 1, "description": "Preety tea..", "image": "/tea/12.jpg"}}, {"model": "web.products", "pk": 13, "fields": {"tea": 13, "category": 5, "packaging": 4, "description": "Preety tea..", "image": "/tea/13.jpg"}}, {"model": "web.products", "pk": 14, "fields": {"tea": 14, "category": 5, "packaging": 4, "description": "Preety tea..", "image": "/tea/14.jpg"}}, {"model": "web.products", "pk": 15, "fields": {"tea": 15, "category": 5, "packaging": 1, "description": "Preety tea..", "image": "/tea/15.jpg"}}, {"model": "web.store", "pk": 1, "fields": {"product": 1, "weight": 1, "amount": 4, "price": 3.4}}, {"model": "web.store", "pk": 2, "fields": {"product": 2, "weight": 1, "amount": 5, "price": 3.5}}, {"model": "web.store", "pk": 3, "fields": {"product": 3, "weight": 2, "amount": 3, "price": 5.0}}, {"model": "web.store", "pk": 4, "fields": {"product": 4, "weight": 2, "amount": 3, "price": 3.5}}, {"model": "web.store", "pk": 5, "fields": {"product": 5, "weight": 2, "amount": 7, "price": 3.0}}, {"model": "web.store", "pk": 6, "fields": {"product": 6, "weight": 3, "amount": 5, "price": 4.8}}, {"model": "web.store", "pk": 7, "fields": {"product": 7, "weight": 2, "amount": 3, "price": 4.5}}, {"model": "web.store", "pk": 8, "fields": {"product": 8, "weight": 1, "amount": 7, "price": 3.5}}, {"model": "web.store", "pk": 9, "fields": {"product": 9, "weight": 3, "amount": 5, "price": 5.5}}, {"model": "web.store", "pk": 10, "fields": {"product": 10, "weight": 1, "amount": 5, "price": 3.0}}, {"model": "web.store", "pk": 11, "fields": {"product": 11, "weight": 2, "amount": 2, "price": 3.2}}, {"model": "web.store", "pk": 12, "fields": {"product": 12, "weight": 3, "amount": 5, "price": 4.2}}, {"model": "web.store", "pk": 13, "fields": {"product": 13, "weight": 6, "amount": 2, "price": 5.2}}, {"model": "web.store", "pk": 14, "fields": {"product": 14, "weight": 6, "amount": 4, "price": 4.3}}, {"model": "web.store", "pk": 15, "fields": {"product": 15, "weight": 3, "amount": 1, "price": 5.0}}, {"model": "web.users", "pk": 1, "fields": {"username": "kek", "email": "kek@gmail.com", "password": "1655a2ab4d723cf13bfd300459516465ea633f192ef610b1830739b3e09a4d4e", "user_city": 1}}]
